comm,pc_cons,pc_cons_winzor,percentpoor,lat,lon,pc_cons_sd,pc_cons_winzor_sd,urban,households
10130002,2.6350474,2.6350474,.14285715,-.26927495,32.309685,1.4270607,1.4270607,0,7
10210001,9.937355,9.5412607,0,.33318767,32.570656,5.0430522,4.3053799,1,4
10210002,3.3302553,3.3302553,.16666667,.31304476,32.569145,1.8341031,1.8341031,1,6
10210003,6.7169628,6.7169628,0,.30309552,32.573345,4.6100807,4.6100807,1,2
10210004,4.2243667,4.2243667,0,.34575298,32.546299,3.0196126,3.0196126,1,5
10210005,5.5106168,5.5106168,0,.37804905,32.594128,2.8164332,2.8164332,1,3
10210006,6.8520317,6.8377857,0,.371429,32.56506,5.4250641,5.3965421,1,5
10210007,9.6390104,9.2425995,0,.36514077,32.597015,6.3067656,5.7361732,1,6
10210008,5.0271249,5.0271249,0,.4425332,32.735664,3.1947353,3.1947353,1,5
10210009,5.3256712,5.3256712,0,.36253446,32.574726,,,1,1
10210010,4.9283075,4.9283075,.25,.34599793,32.583225,4.3452854,4.3452854,1,4
10210011,4.7336588,4.7336588,0,.28204525,32.616669,1.8522654,1.8522654,1,7
10210012,3.4539371,3.4539371,.16666667,.31434315,32.597195,2.50561,2.50561,1,6
10210013,3.7943139,3.7943139,0,.30322111,32.619747,3.7117321,3.7117321,1,7
10210014,3.4685299,3.4685299,0,.2921074,32.573128,2.1489866,2.1489866,1,8
10210015,5.9201584,5.8834538,.16666667,.30577758,32.592979,5.9982996,5.9267621,1,6
10210016,,,,.31016028,32.60178,,,1,0
10210017,5.1721921,4.7784796,0,.27318704,32.624809,5.3852553,4.2534113,1,10
10210018,6.7386894,6.7386894,0,.29515454,32.5854,3.7692578,3.7692578,1,4
10210019,4.3935771,4.3935771,0,.32650661,32.579437,2.7863553,2.7863553,1,5
10210020,5.7841077,5.7841077,0,.34478223,32.587532,4.3932199,4.3932199,1,6
10210021,7.7478275,7.7478275,0,.36772007,32.623959,5.3922315,5.3922315,1,4
10210022,6.6145282,5.9291096,0,.36840436,32.590256,6.3249922,4.6312623,1,7
10210023,2.1647015,2.1647015,.2,.32818478,32.634068,.65870988,.65870988,1,5
10210024,3.2415261,3.2415261,0,.32192761,32.638088,1.5513717,1.5513717,1,2
10210025,3.8605843,3.8605843,0,.35720673,32.760254,1.7974391,1.7974391,1,5
10210026,3.9887218,3.9887218,0,.30594072,32.529144,1.5200801,1.5200801,1,6
10210027,14.888529,8.014245,0,.28985971,32.553036,18.597776,7.0872116,1,3
10210028,4.057796,4.057796,0,.3567673,32.557106,1.0253243,1.0253243,1,5
10210029,7.4670134,7.4670134,0,.33075041,32.542141,5.181046,5.181046,1,5
10210030,8.7631407,8.7631407,0,.28979164,32.535381,,,1,1
10210031,9.2917337,9.2917337,0,.27931949,32.566051,4.0964036,4.0964036,1,2
10210032,5.0882292,5.0882292,0,.33245257,32.54237,2.5460496,2.5460496,1,3
10210033,1.5498463,1.5498463,.5,.31714338,32.537323,.93166029,.93166029,1,2
10210034,2.0369821,2.0369821,.2,.30460998,32.543774,.89488399,.89488399,1,5
10330003,1.5452486,1.5452486,.18181819,.77990788,31.916332,.89658666,.89658666,0,11
10330005,1.7218006,1.7218006,.2,.91897595,31.593861,1.031122,1.031122,0,10
10410002,2.7983539,2.7983539,0,.69644576,32.528904,1.8718019,1.8718019,1,8
10430004,2.6876988,2.6876988,0,.57770365,32.647255,1.227852,1.227852,0,10
10430006,3.2709763,3.2709763,0,.57440132,32.661385,2.3085711,2.3085711,0,16
10430008,2.6078978,2.6078978,.15384616,.76373976,32.522327,1.5086296,1.5086296,0,13
10430011,1.7589917,1.7589917,.125,.66448474,32.330688,.64367002,.64367002,0,8
10430013,1.5931851,1.5931851,.125,.99828738,32.195297,.56331569,.56331569,0,8
10510001,10.860704,10.471936,0,-.34314713,31.725313,5.8192115,5.3145118,1,5
10510003,3.0545416,3.0545416,.25,-.14214757,31.879677,2.4123862,2.4123862,1,4
10530004,1.6669199,1.6669199,.18181819,-.061785579,31.72753,.53848946,.53848946,0,11
10530008,2.0193667,2.0193667,0,-.24315828,31.65519,.96851063,.96851063,0,10
10530012,2.0438123,2.0438123,.1,-.34762707,31.587099,.70395178,.70395178,0,10
10530015,1.8167925,1.8167925,.18181819,-.47120026,31.363787,1.1612835,1.1612835,0,11
10530019,1.7236863,1.7236863,.090909094,-.52238631,31.355343,.71675366,.71675366,0,11
10530023,2.0029774,2.0029774,0,-.57678241,31.691637,.96793008,.96793008,0,8
10530026,1.8615307,1.8615307,.090909094,-.22949769,31.908571,.97273046,.97273046,0,11
10530030,2.2099857,2.2099857,.22222222,-.023710627,31.800507,1.3452774,1.3452774,0,9
10530033,2.1666913,2.1666913,.16666667,-.024847573,31.833431,1.2986335,1.2986335,0,12
10630003,2.3926604,2.3926604,.15384616,.12725924,31.835865,1.7077998,1.7077998,0,13
10630005,1.7906505,1.7906505,.25,.25614196,31.775686,1.1651459,1.1651459,0,12
10630007,2.7382624,2.7382624,.090909094,.071609862,32.092873,1.2652798,1.2652798,0,11
10630009,2.0947349,2.0947349,.125,.19665441,32.25523,1.4710833,1.4710833,0,8
10710001,5.8977017,5.5041933,.11111111,.57272917,31.390442,5.6265998,4.629909,1,9
10710002,3.4286082,3.4286082,0,.39071351,32.073822,2.2066212,2.2066212,1,7
10730004,2.7610438,2.7610438,0,.34126121,32.091141,1.2491744,1.2491744,0,15
10730008,3.6596589,3.6596589,0,.21303451,31.052639,2.0099249,2.0099249,0,5
10730012,2.4183786,2.4183786,0,.55541182,31.395668,1.0342388,1.0342388,0,11
10730016,2.6010301,2.6010301,.16666667,.59494865,31.817333,1.3444965,1.3444965,0,12
10730020,1.9911433,1.9911433,.23076923,.47048303,31.83392,1.5305285,1.5305285,0,13
10730023,2.7430108,2.7430108,.11111111,.58550161,31.729452,1.6821775,1.6821775,0,9
10730027,1.9819356,1.9819356,.22222222,.41124287,32.047512,.89724219,.89724219,0,9
10730031,2.7707186,2.7707186,.14285715,.54994702,32.166386,2.4605262,2.4605262,0,7
10810002,13.922592,3.2272558,.1,.34533206,32.908588,38.12949,4.3400898,1,10
10810003,2.5333867,2.5333867,0,.41141748,33.141369,1.0377399,1.0377399,1,7
10830006,4.2692065,4.2692065,.2857143,.32253256,33.157059,3.7580392,3.7580392,0,7
10830009,1.3151059,1.3151059,.27272728,.36969095,33.187431,.4238781,.4238781,0,11
10830013,1.6018572,1.6018572,.2,.37626344,33.191013,.61380088,.61380088,0,10
10830016,3.0905364,3.0905364,0,.16261066,33.47274,1.39935,1.39935,0,9
10830020,2.1652913,2.1652913,.14285715,.42833737,32.801392,1.0310457,1.0310457,0,14
10830023,8.9345589,7.6779618,0,.40128878,32.667038,8.1054239,5.8424883,0,10
10830027,2.3600454,2.3600454,0,.5842455,32.79068,.72332466,.72332466,0,9
10830030,1.7393486,1.7393486,.33333334,.68482441,32.829208,1.2061907,1.2061907,0,6
10830033,1.8356856,1.8356856,.2,.62513953,32.919586,.82696778,.82696778,0,10
10930004,30.887192,3.5562084,.125,1.5843477,32.154797,112.51382,3.556179,0,16
11010001,5.8843007,5.5874658,0,-.53808939,31.633837,5.0114307,4.2056718,1,11
11030003,2.6057901,2.6057901,.2,-.2873376,31.222494,2.5394511,2.5394511,0,10
11030005,2.9771557,2.9771557,.13333334,-.86061686,31.70356,2.4850693,2.4850693,0,15
11030007,1.2634127,1.2634127,.36363637,-.51763451,31.18162,.44084233,.44084233,0,11
11030009,1.9884633,1.9884633,.15384616,-.3878575,31.521362,1.1195611,1.1195611,0,13
11030012,3.4344263,3.4344263,.14285715,-.39457574,31.751677,2.0984461,2.0984461,0,7
11130001,2.6016393,2.6016393,0,.14536674,31.23106,1.2025571,1.2025571,0,8
11130003,2.6858613,2.6858613,.125,-.29224777,31.478722,1.5887101,1.5887101,0,8
11130005,1.9440114,1.9440114,.18181819,-.15146963,31.434137,1.4742308,1.4742308,0,11
11210001,2.5098166,2.5098166,.125,.72658056,32.918507,1.528358,1.528358,1,8
11230003,2.4738536,2.4738536,.44444445,.8272348,32.844086,2.7581871,2.7581871,0,9
11230006,2.4809735,2.4809735,0,.73291022,32.958759,1.3036512,1.3036512,0,8
11310002,2.9258924,2.9258924,0,.067728207,32.471592,2.272635,2.272635,1,6
11310003,3.8131962,3.8131962,0,.21855424,32.539898,2.239784,2.239784,1,3
11310004,4.3185372,4.3185372,0,.35012743,32.669987,2.2191932,2.2191932,1,8
11310006,6.9711151,6.9711151,0,.37599328,32.535873,5.2668815,5.2668815,1,5
11310007,5.5068774,5.5068774,0,.26184228,32.556755,2.910907,2.910907,1,5
11330008,2.8893247,2.8893247,.16666667,.17125577,32.347549,1.5694436,1.5694436,0,6
11330010,4.0210629,4.0210629,0,.050522737,32.537659,2.1984096,2.1984096,0,7
11330012,11.351954,9.818697,0,.26568061,32.462757,7.6515307,4.2274685,0,9
11330014,3.9650538,3.9650538,0,.16092952,32.552933,3.1807313,3.1807313,0,11
11330016,3.6596215,3.6596215,0,.24275258,32.344612,1.5691086,1.5691086,0,8
11330019,4.2254572,4.2254572,0,.34771341,32.68298,2.981741,2.981741,0,7
11330021,3.6214867,3.6214867,0,.34963498,32.537231,1.7060636,1.7060636,0,8
11330023,5.5816336,5.5816336,0,.25586113,32.604019,3.6341352,3.6341352,0,6
11330025,5.4248495,4.8600435,0,.27445525,32.547256,6.4369845,5.021081,0,7
20130004,1.1668196,1.1668196,.64285713,.43962237,33.779018,.97549605,.97549605,0,14
20130006,1.1155791,1.1155791,.40000001,.31740332,33.883095,.46584332,.46584332,0,10
20130008,1.19323,1.19323,.5,.71221364,33.69397,.58925003,.58925003,0,10
20130009,.62569356,.62569356,1,.10399945,33.783092,.35663697,.35663697,0,2
20210001,2.1071184,2.1071184,.33333334,.46774822,34.091698,1.1977673,1.1977673,1,3
20230005,1.1817502,1.1817502,.625,.49065423,34.09177,.58031178,.58031178,0,8
20230007,1.0427816,1.0446289,.60000002,.38901541,34.057812,.68316323,.68089795,0,10
20310001,2.4665337,2.4665337,0,.61590481,33.470055,.75045216,.75045216,1,4
20310004,5.2058353,4.01439,.1,.62369728,33.474148,7.9413066,4.3038011,1,10
20330008,.96506214,.96506214,.55555558,.55162567,33.618896,.53156513,.53156513,0,9
20330013,1.8962688,1.8962688,.44444445,.88738984,33.510559,1.9566826,1.9566826,0,9
20330018,1.8820047,1.8820047,.1,.59587741,33.417397,.85537338,.85537338,0,10
20330023,1.0422319,1.0422319,.5,.67498285,33.519897,.43383247,.43383247,0,6
20330028,1.4567071,1.4567071,.5,1.0165653,33.32798,1.5285385,1.5285385,0,8
20330033,2.5410619,2.5410619,.25,.77540731,33.347477,3.3249888,3.3249888,0,12
20410002,4.6936469,4.6936469,0,.51237577,32.957378,4.3561144,4.3561144,1,8
20410006,2.3655355,2.3655355,.75,.43243656,33.240677,3.3604374,3.3604374,1,4
20410009,6.150805,5.0469937,.125,.48548794,33.238556,7.9093161,5.1476107,1,8
20430012,1.4885398,1.4885398,.60000002,.61730248,33.346489,1.6176525,1.6176525,0,10
20430014,1.434724,1.434724,.375,.55131948,33.125862,.7854951,.7854951,0,8
20430015,1.6088133,1.6088133,.44444445,.5583055,33.110214,1.8064235,1.8064235,0,9
20510001,2.3645365,2.3645365,.375,.8841908,33.202682,2.1823268,2.1823268,1,8
20530004,1.1904538,1.1904538,.60000002,1.2092326,33.047924,.7636804,.7636804,0,10
20530009,1.0418178,1.0418178,.61538464,1.0930256,33.17445,.65757376,.65757376,0,13
20530013,1.3202012,1.3202012,.38461539,1.0086713,33.007843,.93190789,.93190789,0,13
20530017,493.07385,2.9788351,.33333334,.8982361,33.104977,1474.9717,4.75878,0,9
20530022,1.417816,1.417816,.5,.98280096,33.383282,1.0583794,1.0583794,0,12
20530026,1.0137341,1.0137341,.375,1.0888379,33.402161,.44088292,.44088292,0,8
20530030,1.3887017,1.3887017,.55555558,.77399325,33.074753,.79230654,.79230654,0,9
20630001,1.5190352,1.5190352,.5714286,1.3316312,34.660862,1.6519346,1.6519346,0,7
20630003,1.1432443,1.1432443,.375,1.3821847,34.404453,.3308723,.3308723,0,8
20730003,1.2776856,1.2776856,.25,2.0309625,33.563293,.46159774,.46159774,0,4
20730005,1.3851166,1.3851166,.45454547,1.8879896,33.939503,1.2756054,1.2756054,0,11
20730006,1.6099809,1.6099809,.36363637,1.6694093,33.960934,.88651276,.88651276,0,11
20810001,5.8322105,5.8322105,0,1.2056748,33.721718,4.2567911,4.2567911,1,11
20830003,1.3577908,1.3577908,.55555558,1.1997159,34.158424,.86483467,.86483467,0,9
20830005,1.4354944,1.4354944,.23529412,1.3765911,33.875122,.56010789,.56010789,0,17
20830007,1.2969428,1.2969428,.46153846,1.5315843,34.050114,.71239859,.71239859,0,13
20830008,1.2144165,1.2144165,.58333331,1.6364987,33.791069,.60011232,.60011232,0,12
20910003,2.8659685,2.8659685,0,1.0734538,34.165039,.39645565,.39645565,1,4
20910006,8.1658249,6.0721393,0,1.0707555,34.172199,10.067111,5.4961472,1,5
20930011,1.253011,1.253011,.58333331,.82531697,34.272385,1.0103947,1.0103947,0,12
20930014,.71900386,.71900386,.71428573,.80270845,34.309647,.3126792,.3126792,0,7
20930018,1.3424708,1.3424708,.60000002,.87592757,34.376404,.97760022,.97760022,0,10
20930022,.8658796,.8658796,.80000001,.80868876,34.336269,.56271756,.56271756,0,10
20930026,1.3653061,1.3653061,.5,.85762936,34.366478,.94594449,.94594449,0,8
20930029,1.2131886,1.2131886,.375,.86954325,34.381268,.60545236,.60545236,0,8
20930033,.84762901,.84762901,.66666669,1.0294677,34.246181,.307349,.307349,0,12
20930037,1.3823889,1.3823889,.33333334,1.0495309,34.364651,.91342747,.91342747,0,9
21010002,2.5398715,2.5398715,.25,1.1838995,33.719593,1.6597099,1.6597099,1,4
21030004,1.066699,1.066699,.44444445,1.1494164,33.920567,.44440472,.44440472,0,9
21030006,1.6967654,1.6967654,.63636363,1.2345011,33.690136,1.7366463,1.7366463,0,11
21030007,1.0567667,1.0567667,.60000002,1.2607998,33.797054,.54845351,.54845351,0,10
21030009,1.1296531,1.1359441,.77777779,1.2784162,34.122654,1.32696,1.3223605,0,9
21110003,2.7316687,2.7316687,.16666667,1.6926305,33.445885,1.865779,1.865779,1,12
21130004,1.5031966,1.5031966,.36363637,1.5619385,33.303337,.64642876,.64642876,0,11
21130006,1.8141865,1.8141865,.1,1.5788155,33.510971,1.2555884,1.2555884,0,10
21130007,1.7925252,1.7925252,.21428572,1.7400086,33.578697,.92644554,.92644554,0,14
21130009,2.0539982,2.0539982,.18181819,1.6976744,33.690063,1.4557073,1.4557073,0,11
21210003,1.0675875,1.0891197,.5,.71111792,34.173637,.61676133,.57727194,1,4
21230006,.83036661,.83036661,.75,1.0185233,34.072948,.14115311,.14115311,0,8
21230008,1.3762097,1.3762097,.44444445,.81942934,34.094074,.7795676,.7795676,0,9
21230009,1.3201247,1.3218253,.5,.65594578,34.053288,1.510414,1.5091473,0,12
21230011,3.0455358,3.0455358,.25,.61868602,33.716751,4.2335181,4.2335181,0,12
21230013,1.9303309,1.9303309,.25,.69624227,34.109386,1.5765355,1.5765355,0,8
21430002,1.6261628,1.6261628,.25,.59250146,33.390419,.88246608,.88246608,0,16
21430003,.80480546,.80480546,1,.42370349,33.612171,.22152086,.22152086,0,4
21510001,2.480623,2.480623,.2857143,1.2457378,34.263573,2.5007219,2.5007219,1,7
21530002,1.0735745,1.0735745,.66666669,1.2007403,34.256676,.85142589,.85142589,0,9
21530004,1.9199623,1.9199623,.36363637,1.0691178,34.093575,1.8219249,1.8219249,0,11
21530006,1.109431,1.109431,.30000001,1.1520144,34.32674,.19637644,.19637644,0,10
21530007,.89837617,.89837617,.60000002,1.374773,34.301998,.47633055,.47633055,0,10
30130003,1.3759587,1.3759587,.40000001,3.3878255,31.968801,.59476864,.59476864,0,10
30130033,,,,,,,,,0
30210002,6.3074059,6.3074059,0,2.0180984,32.551552,4.8041606,4.8041606,1,8
30230003,1.0079597,1.0170517,.71428573,2.4070144,32.747772,.83435392,.82519817,0,14
30230005,1.2348014,1.2372186,.58823532,2.3150156,32.870842,1.1496946,1.1475563,0,17
30230008,1.0283046,1.0283046,.63636363,2.4246013,32.851692,.70578194,.70578194,0,11
30230010,1.1136708,1.1136708,.5,1.9447002,32.639019,.57948655,.57948655,0,10
30230013,1.9795455,1.9795455,.33333334,2.0583122,32.649014,1.0927567,1.0927567,0,9
30230016,2.1149368,2.1149368,.33333334,1.8396287,32.453163,2.5845788,2.5845788,0,12
30230018,1.5839729,1.5839729,0,2.0334122,32.832584,.35427418,.35427418,0,2
30230021,1.0784925,1.0891668,.5,2.3525007,32.254761,.76551253,.75285012,0,10
30230023,.82451779,.82451779,.66666669,2.3648579,32.603275,.30790079,.30790079,0,9
30230028,.94305348,.94305348,.61538464,2.3364408,32.442486,.45002645,.45002645,0,13
30230030,1.1936035,1.1936035,.46153846,2.1323674,32.540195,.58134496,.58134496,0,13
30230035,1.9812158,1.9812158,.25,1.9397783,32.417744,1.4510561,1.4510561,0,12
30310002,2.6243675,2.6243675,.083333336,2.7804527,31.052155,1.8799874,1.8799874,1,12
30310005,1.3989512,1.3989512,.16666667,3.4031179,30.961437,.25450417,.25450417,1,6
30330006,.9690941,.9690941,.75,3.0824943,30.945984,.40422109,.40422109,0,8
30330009,2.9236004,2.9236004,0,2.9911683,30.961836,1.1264416,1.1264416,0,9
30330012,2.292228,2.292228,0,3.4425278,30.945656,.79343283,.79343283,0,11
30330015,1.8216968,1.8216968,.2,2.6194327,31.149132,.97669423,.97669423,0,10
30330018,2.0159216,2.0159216,.2,3.192004,30.951784,.96573275,.96573275,0,10
30330021,2.4765477,2.4765477,.090909094,2.9997923,31.115152,2.6409552,2.6409552,0,11
30330024,2.5725334,2.5725334,0,2.9841905,30.992161,1.9724132,1.9724132,0,13
30330027,1.7339454,1.7339454,.18181819,3.0663936,31.114929,.81850761,.81850761,0,11
30330030,1.0620735,1.0620735,.5,3.2451725,31.162683,.43967035,.43967035,0,10
30330033,1.4695382,1.4695382,.22222222,2.7465971,30.955521,.59387606,.59387606,0,9
30410002,3.568805,3.568805,.090909094,2.5803306,32.475807,3.1112359,3.1112359,1,11
30410004,1.7130083,1.7135776,.60000002,2.8056424,32.35463,1.9811534,1.9807169,1,15
30410007,2.2888961,2.1059885,.53333336,2.8078027,32.365356,4.5069685,3.8171523,1,15
30430009,.87149566,.87648559,.69999999,2.867373,32.280708,.6561479,.65106928,0,10
30430014,1.1684357,1.1684357,.5,2.5308959,32.370598,.78480881,.78480881,0,12
30430016,.52145505,.53276318,1,2.881602,32.154472,.24141391,.22598155,0,5
30510001,3.3965988,2.9838252,.090909094,3.2937195,32.906128,5.6297441,4.2983384,1,11
30610001,2.0686839,2.0686839,.42857143,3.4981556,34.130035,2.0360188,2.0360188,1,7
30630002,.63526189,.63526189,.875,3.6923327,33.964535,.31439802,.31439802,0,8
30630003,.70610195,.70949197,.81818181,3.6067822,34.126358,.58133626,.57859588,0,11
30630004,.64491343,.64491343,.875,3.5175991,34.160358,.2342148,.2342148,0,8
30630006,.72969252,.73159313,.875,3.038332,34.147022,.28899458,.28568345,0,8
30630007,.4362351,.45757067,1,3.0411339,34.055347,.22386855,.20251743,0,9
30710002,1.8577508,1.8577508,.2857143,2.2608037,32.942139,.91044611,.91044611,1,7
30710005,2.6075039,2.6075039,.083333336,2.3926301,32.771732,2.9570563,2.9570563,1,12
30710007,3.1983778,3.1983778,.25,2.3194761,32.993797,2.1269529,2.1269529,1,8
30730009,1.7711577,1.7711577,.38461539,2.116832,33.06488,2.4025571,2.4025571,0,13
30730010,.98074728,.98074728,.63636363,1.9999945,33.240932,.48320168,.48320168,0,11
30730011,2.2241111,2.1375,.66666669,1.7990751,33.008945,4.5100236,4.2106695,0,12
30730012,4.3459306,4.3459306,.11111111,2.1254494,32.905006,2.7927856,2.7927856,0,9
30730016,1.6877371,1.6877371,.40000001,1.7952126,32.899227,1.5825968,1.5825968,0,10
30730017,.77069664,.78285038,.73333335,2.1777422,33.124615,.39501655,.37653917,0,15
30730018,1.2501861,1.2609004,.5,1.9933017,33.140167,.96560812,.95365566,0,14
30730020,.59429997,.59429997,1,2.4108715,33.051025,.06719023,.06719023,0,4
30730022,.96727097,.96727097,.58333331,2.1975391,33.107304,.47503713,.47503713,0,12
30730023,.68096721,.68096721,.90909094,2.1149468,33.11628,.27964425,.27964425,0,11
30730025,1.4067918,1.4067918,.5,2.2976575,32.968548,1.0835781,1.0835781,0,12
30830001,1.0989066,1.1083783,.5,2.1458118,34.204441,.75777137,.74565655,0,8
30830002,.63658607,.64146298,.77777779,2.3821847,34.500034,.39407155,.38901672,0,9
30830004,.76856047,.78013086,.91666669,2.5674849,34.635078,.62002355,.60955095,0,12
30930001,1.6680624,1.6680624,.40000001,3.2746665,31.710297,1.5512952,1.5512952,0,15
30930002,1.5355595,1.5355595,.27272728,3.5451963,31.704552,.71191466,.71191466,0,11
31010001,1.4405805,1.4405805,.40000001,2.2580841,31.199875,.60949099,.60949099,1,10
31010004,2.8128731,2.8128731,0,2.4800823,30.964668,1.305149,1.305149,1,7
31030006,2.1440284,2.1440284,.14285715,2.3568976,31.417545,.89290714,.89290714,0,7
31030007,1.476878,1.476878,.41666666,2.5675459,30.951069,1.0365359,1.0365359,0,12
31030008,1.3427887,1.3427887,.42857143,2.3598201,30.917814,.85160232,.85160232,0,7
31030009,.98410386,.98410386,.54545456,2.5197599,30.889572,.44090948,.44090948,0,11
31030010,1.7387104,1.7387104,.23076923,2.5430443,30.792597,1.0262312,1.0262312,0,13
31030012,1.8863652,1.8863652,.25,2.4944882,31.09231,.85927778,.85927778,0,8
31110001,1.7578642,1.7578642,.54545456,1.8393451,34.708958,1.7686235,1.7686235,1,11
31130003,.71055663,.71397907,.77777779,2.3574443,34.586277,.30597317,.30054641,0,9
31130004,1.0268397,1.0268397,.71428573,1.7690884,34.857117,.83590728,.83590728,0,7
31330001,1.7635359,1.7635359,.2,3.5585761,31.137333,1.2485424,1.2485424,0,10
31330002,1.1732259,1.1732259,.40000001,3.3477597,31.193533,.36526737,.36526737,0,10
31330003,1.8334757,1.8334757,.33333334,3.2924688,31.364265,1.25542,1.25542,0,9
40130003,2.7889242,2.7889242,.18181819,.67562276,30.046373,1.6720283,1.6720283,0,11
40130005,1.5647484,1.5647484,.375,.78514379,30.247507,.73724729,.73724729,0,8
40210002,2.0186603,2.0186603,.1,-.55010653,30.172365,.64362431,.64362431,1,10
40230007,2.9819605,2.9493868,.27272728,-.30397952,30.378496,4.4886422,4.3861775,0,11
40230011,1.581551,1.581551,.375,-.26006278,30.129675,.91915953,.91915953,0,8
40230016,1.9597051,1.9597051,.2857143,-.4743768,30.139322,1.457466,1.457466,0,14
40230020,2.8368986,2.8368986,.1,-.43738958,30.292999,2.0857084,2.0857084,0,10
40230025,2.6661229,2.6661229,.375,-.52931577,29.961195,3.6200154,3.6200154,0,8
40230030,2.0688915,2.0688915,.083333336,-.35581958,30.425356,1.0475042,1.0475042,0,12
40310002,1.8876802,1.8876802,.25,1.4429042,31.321112,.85282916,.85282916,1,8
40330004,1.3138382,1.3138382,.2857143,1.3618708,31.451387,.55670953,.55670953,0,7
40330006,3.7995629,3.3620987,.090909094,1.4746522,31.338894,5.5649643,4.1479015,0,11
40330007,1.4341539,1.4341539,.14285715,1.4419575,31.155403,.55097562,.55097562,0,7
40330009,.9378795,.9378795,.63636363,1.2229834,30.819361,.40822285,.40822285,0,11
40410003,1.7379444,1.7379444,.44444445,-1.1701962,30.039474,1.0337881,1.0337881,1,9
40430006,2.1357555,2.1357555,.27272728,-1.2552155,30.05682,2.1394939,2.1394939,0,11
40430008,1.496223,1.496223,.21428572,-1.3977982,29.935001,.56781787,.56781787,0,14
40430010,1.6529431,1.6529431,.22222222,-1.2137736,29.842369,.9471845,.9471845,0,9
40430012,1.5617282,1.5617282,.25,-1.1572623,30.06245,.6506514,.6506514,0,8
40510002,2.5706615,2.5706615,.2857143,.64079875,30.301283,2.1720107,2.1720107,1,7
40510005,1.7021396,1.7021396,.22222222,.62691432,30.277119,.90547365,.90547365,1,9
40530006,1.2426307,1.2426307,.40000001,.44706744,30.165287,.69032502,.69032502,0,5
40530010,1.3726199,1.3726199,.25,.57855171,30.161201,.52907574,.52907574,0,8
40610003,3.5275631,3.5275631,0,.19656113,30.08539,2.3457401,2.3457401,1,4
40630008,1.2766386,1.2766386,.41666666,.00034150301,29.73391,.7146036,.7146036,0,12
40630010,1.1262763,1.1262906,.44444445,.080449305,29.85224,.64245093,.64243019,0,9
40630011,1.3827192,1.3827192,.5,.35826671,30.085493,.73449183,.73449183,0,10
40630013,1.7961522,1.7961522,.33333334,.058413774,29.949335,1.3100669,1.3100669,0,9
40710002,3.947026,3.947026,.33333334,.94007921,30.811918,2.7441761,2.7441761,1,3
40730003,1.8457059,1.8457059,.22222222,1.0207185,31.124216,1.0420291,1.0420291,0,9
40730005,1.2688199,1.2688199,.375,.88723594,30.693213,.53272879,.53272879,0,8
40730007,1.5342782,1.5342782,.2,1.0091022,30.557779,.86691284,.86691284,0,5
40730009,1.7066029,1.7066029,.125,.91446686,31.071218,.83511341,.83511341,0,8
40830002,1.2974818,1.2974818,.54545456,-1.1506003,29.672838,.94795674,.94795674,0,11
40830004,.95486277,.95790255,.5,-1.3249733,29.753521,.46537998,.46054947,0,12
40910002,2.5533073,2.5533073,.2,1.6943171,31.711855,1.8318478,1.8318478,1,5
40930005,1.6882658,1.6882658,.33333334,1.6260251,31.584976,.79535317,.79535317,0,3
40930007,1.1391993,1.1391993,.44444445,2.0926545,31.480083,.65074611,.65074611,0,9
40930009,1.3618965,1.3618965,.5,1.7466522,31.670069,.91850662,.91850662,0,4
40930011,.34922516,.34922516,1,2.2274392,32.261585,,,0,1
41010001,5.3569226,5.3569226,0,-.60876101,30.67223,2.5209816,2.5209816,1,6
41010005,5.0832167,5.0832167,0,-.59340233,30.661873,2.3336802,2.3336802,1,2
41010008,3.8320978,3.8320978,.125,-.13256295,30.478821,2.6163836,2.6163836,1,8
41030011,1.4587605,1.4587605,.11111111,-.9256019,30.794159,.42235556,.42235556,0,9
41030014,1.9952641,1.9952641,.40000001,.021426953,30.51725,1.545162,1.545162,0,10
41030017,2.8333082,2.8333082,.38461539,-.18634273,30.570772,3.109555,3.109555,0,13
41030020,3.2795384,3.2795384,0,-.58113945,30.787127,1.9288342,1.9288342,0,8
41030023,1.7687589,1.7687589,.33333334,-.85529506,30.659582,1.0861341,1.0861341,0,12
41030026,2.9920847,2.9920847,0,-.56057221,30.678801,2.4308691,2.4308691,0,8
41030029,1.7015425,1.7015425,.083333336,-.29505652,30.625927,.63610917,.63610917,0,12
41030032,1.3777635,1.3777635,0,-.15113828,30.948854,.13344403,.13344403,0,3
41030035,1.6679589,1.6679589,.25,-.2788738,30.890127,.75616246,.75616246,0,8
41030038,1.7348256,1.7348256,.18181819,-.72421408,30.422215,.81417561,.81417561,0,11
41110002,7.2162046,7.0392861,0,-.87155449,30.27462,5.4434066,5.0981002,1,9
41130004,2.1445649,2.1445649,.14285715,-.76057076,30.179094,1.2667068,1.2667068,0,7
41130006,1.1616298,1.1616298,.33333334,-.86766326,30.354115,.50152463,.50152463,0,9
41130007,1.3776132,1.3776132,.33333334,-1.0055684,30.387573,.59316069,.59316069,0,9
41130009,1.8383001,1.8383001,.25,-.77057165,30.282516,2.2836747,2.2836747,0,12
41230003,1.9681808,1.9681808,.11111111,-.96490079,29.959688,.86842078,.86842078,0,9
41230005,1.2646813,1.2646813,.5,-.63557267,29.814281,.63574541,.63574541,0,10
41330002,1.0720025,1.0720025,.5,.38908058,30.486662,.45209908,.45209908,0,8
41330003,1.934971,1.934971,.36363637,.14691237,30.50021,1.9127834,1.9127834,0,11
41330005,1.4003108,1.4003108,0,-.10503817,30.264219,.36590129,.36590129,0,6
41410001,3.4569166,3.4569166,.14285715,-.89675093,29.778324,3.9596548,3.9596548,1,7
41430003,1.3037467,1.3037467,.33333334,-.77966511,29.653027,.67568541,.67568541,0,9
41430005,1.7231344,1.7231344,.55555558,-.92032379,29.801229,1.8256875,1.8256875,0,9
41510002,7.0259418,6.6234279,0,.59972876,30.642483,6.9104743,6.132256,1,4
41530004,1.3958641,1.3958641,.42857143,.41965005,31.036463,.79686153,.79686153,0,7
41530006,2.6132729,2.6132729,.5,.59102362,30.47159,2.4959822,2.4959822,0,6
41530007,1.6941648,1.6941648,.125,.72875762,30.646589,.70874709,.70874709,0,8
41530009,2.1386912,2.1386912,.40000001,.82201171,30.792131,2.2682569,2.2682569,0,10
